variable,count,mean,std,min,25%,50%,75%,max,original
dummy1,1000.0,-0.0006694046081583422,0.009675373487705146,-0.0340039501292942,-0.00731001942563285,-0.00098135474426475,0.006050754342445524,0.0294958865504338,0.0086573644201433
dummy2,1000.0,0.00030591511556927016,0.010371957694268744,-0.0306871415678705,-0.006794323359181575,0.00021463774850145,0.00771448671142185,0.0299099025507771,0.0168360393344799
x1,1000.0,-0.03538101944646967,3.02485647107447,-7.885688407195883,-2.105668549693397,-0.133765934381711,1.7956641375465074,28.20433589414942,28.20433589414942
x2,1000.0,0.12492765485866926,8.028462643234851,-22.766928412055805,-5.399899370235631,0.10859927923284335,5.4303442498761925,75.05287935573963,75.05287935573963
x3,1000.0,0.026268530585094384,1.8268706900735794,-5.093428067594124,-1.094995390860599,-0.004875847096636,1.1438901326577737,17.75590040254368,17.75590040254368
